{  
"govt_emps":
    [
{
	"emp_name": "pavani",
	"emp_id": 1001,
	"emp_sal": 100000

},
{
	"emp_name": "lihkita",
	"emp_id": 1002,
	"emp_sal": 120000

},
{
	"emp_name": "akhila",
	"emp_id": 1003,
	"emp_sal": 45000
}
    ]
,
"pvt_emps":
[
{
	"emp_name": "pavani",
	"emp_id": 1001,
	"emp_sal": 100000

},
{
	"emp_name": "lihkita",
	"emp_id": 1002,
	"emp_sal": 120000

},
{
	"emp_name": "akhila",
	"emp_id": 1003,
	"emp_sal": 45000
}
],
"EX-emps":
[
{
	"emp_name": "balu",
	"emp_id": 1001,
	"emp_sal": 100000

},
{
	"emp_name": "as",
	"emp_id": 1002,
	"emp_sal": 120000

},
{
	"emp_name": "akhila",
	"emp_id": 1003,
	"emp_sal": 45000
}
]
}